﻿<?xml version="1.0" encoding="utf-8"?>
<publishData>
  <publishProfile publishUrl="F:\s_Company\Projects\AOT\Development\Publish\CPM" deleteExistingFiles="True" ftpAnonymousLogin="False" ftpPassiveMode="True" msdeploySite="" msdeploySiteID="" msdeployRemoteSitePhysicalPath="" msdeployAllowUntrustedCertificate="False" msdeploySkipExtraFilesOnServer="True" msdeployMarkAsApp="False" profileName="Profile1" publishMethod="FileSystem" replaceMatchingFiles="False" userName="" savePWD="False" userPWD="" SelectedForPublish="True">
    <file relUrl="Views/Shared/NoAccess.cshtml" publishTime="06/06/2012 01:17:56" />
    <file relUrl="Content/Menu/ddsmoothmenu.js" publishTime="11/05/2011 00:30:30" />
    <file relUrl="Views/User/List.cshtml" publishTime="06/15/2012 00:31:44" />
    <file relUrl="Views/User/EditorTemplates/UserList.cshtml" publishTime="10/18/2012 01:29:32" />
    <file relUrl="Views/Report/ClaimData.cshtml" publishTime="06/26/2012 21:16:30" />
    <file relUrl="Content/favicon.ico" publishTime="10/20/2011 22:20:08" />
    <file relUrl="Content/jQUI/min/jquery-ui-1.8.16.custom.css" publishTime="12/24/2011 01:25:24" />
    <file relUrl="Content/Images/loading.gif" publishTime="11/22/2011 16:10:42" />
    <file relUrl="Content/Images/clip.gif" publishTime="05/20/2005 10:46:02" />
    <file relUrl="Views/Dashboard/Comments.cshtml" publishTime="06/02/2012 21:07:17" />
    <file relUrl="Content/jQUI/min/images/ui-icons_cd0a0a_256x240.png" publishTime="12/24/2011 02:29:28" />
    <file relUrl="Content/Scripts/jquery.form.js" publishTime="12/27/2011 17:02:26" />
    <file relUrl="Content/jQUI/min/images/ui-icons_222222_256x240.png" publishTime="12/24/2011 02:29:28" />
    <file relUrl="bin/Elmah.pdb" publishTime="09/13/2012 19:58:38" />
    <file relUrl="Views/Report/User/RoleUser.cshtml" publishTime="06/25/2012 22:19:22" />
    <file relUrl="Views/Role/Manage.cshtml" publishTime="07/03/2012 01:03:28" />
    <file relUrl="Views/Claim/GetFileD.cshtml" publishTime="09/14/2012 21:27:22" />
    <file relUrl="Content/Images/edit.gif" publishTime="06/01/2011 18:32:16" />
    <file relUrl="Content/Menu/ddsmoothmenu2.js" publishTime="12/21/2011 21:05:02" />
    <file relUrl="bin/protobuf-net.dll" publishTime="08/01/2011 20:30:58" />
    <file relUrl="Views/Report/Claim/StatusClaim.cshtml" publishTime="06/25/2012 22:21:22" />
    <file relUrl="bin/AdamTibi.Web.Security.dll" publishTime="10/16/2011 02:26:02" />
    <file relUrl="Views/User/UserLocation.cshtml" publishTime="06/03/2012 03:47:24" />
    <file relUrl="Views/Claim/FilesDetail.cshtml" publishTime="10/11/2012 21:07:58" />
    <file relUrl="Views/Shared/_SiteMasterLayout.cshtml" publishTime="07/02/2012 01:30:05" />
    <file relUrl="Views/Claim/EditorTemplates/Files.cshtml" publishTime="10/11/2012 21:48:21" />
    <file relUrl="Views/Dashboard/List.cshtml" publishTime="10/10/2012 01:36:02" />
    <file relUrl="Content/Images/comments.gif" publishTime="08/26/2011 01:07:26" />
    <file relUrl="Content/jQUI/min/images/ui-bg_flat_75_ffffff_40x100.png" publishTime="12/24/2011 02:29:28" />
    <file relUrl="Views/Claim/EditorTemplates/ItemList.cshtml" publishTime="10/11/2012 02:18:28" />
    <file relUrl="Content/Menu/right.gif" publishTime="11/02/2011 19:16:46" />
    <file relUrl="Content/Images/page/page-next-disabled.gif" publishTime="06/07/2011 01:52:42" />
    <file relUrl="Content/Scripts/bulkOprGrid.js" publishTime="05/17/2012 18:07:11" />
    <file relUrl="Content/Images/down.gif" publishTime="09/06/2011 22:15:34" />
    <file relUrl="Content/Images/page/page-last-disabled.gif" publishTime="06/07/2011 01:52:42" />
    <file relUrl="Views/Common/Login.cshtml" publishTime="07/03/2012 01:46:24" />
    <file relUrl="Content/jQUI/min/jquery-1.6.2.min.js" publishTime="12/24/2011 01:25:22" />
    <file relUrl="Views/Report/Activity/MonthlyUserActivity.cshtml" publishTime="06/25/2012 20:52:02" />
    <file relUrl="Content/Images/page/page-prev.gif" publishTime="06/07/2011 01:52:42" />
    <file relUrl="Views/Claim/ItemsArchived.cshtml" publishTime="10/12/2012 01:27:38" />
    <file relUrl="Views/Dashboard/EditorTemplates/ListInternal.cshtml" publishTime="10/18/2012 01:29:34" />
    <file relUrl="Views/Claim/CommentsPg.cshtml" publishTime="10/06/2012 00:12:12" />
    <file relUrl="Views/Master/Manage.cshtml" publishTime="07/03/2012 01:03:38" />
    <file relUrl="Content/jQUI/min/images/ui-bg_glass_95_fef1ec_1x400.png" publishTime="12/24/2011 02:29:28" />
    <file relUrl="Content/jQUI/min/images/ui-icons_2e83ff_256x240.png" publishTime="12/24/2011 02:29:28" />
    <file relUrl="Views/Report/Claim/YearClaimItem.cshtml" publishTime="06/27/2012 19:17:02" />
    <file relUrl="Views/Claim/PrintInternal.cshtml" publishTime="08/31/2012 20:57:10" />
    <file relUrl="Views/Report/Activity/UserActivity.cshtml" publishTime="06/27/2012 20:13:02" />
    <file relUrl="Views/Shared/ErrUserControl.cshtml" publishTime="09/19/2012 20:57:44" />
    <file relUrl="Views/Dashboard/Files.cshtml" publishTime="09/29/2012 01:39:30" />
    <file relUrl="Content/Images/dsc.gif" publishTime="03/28/2012 20:47:50" />
    <file relUrl="Views/Report/UserData.cshtml" publishTime="06/25/2012 22:18:12" />
    <file relUrl="Content/Images/page/bg.gif" publishTime="06/07/2011 01:52:42" />
    <file relUrl="Content/Images/search.gif" publishTime="06/01/2011 18:32:16" />
    <file relUrl="bin/CPM.dll" publishTime="11/07/2012 17:55:19" />
    <file relUrl="Views/User/AddEdit.cshtml" publishTime="07/02/2012 20:34:28" />
    <file relUrl="Views/Report/Claim/YearlyClaim.cshtml" publishTime="06/27/2012 19:20:44" />
    <file relUrl="Views/Activity/EditorTemplates/ActivityLog.cshtml" publishTime="10/18/2012 01:29:34" />
    <file relUrl="Content/jQUI/min/images/ui-bg_flat_0_aaaaaa_40x100.png" publishTime="12/24/2011 02:29:28" />
    <file relUrl="Views/Claim/Status.cshtml" publishTime="06/04/2012 21:02:24" />
    <file relUrl="bin/CPM.pdb" publishTime="11/07/2012 17:55:18" />
    <file relUrl="Content/jQUI/min/images/ui-bg_glass_75_dadada_1x400.png" publishTime="12/24/2011 02:29:28" />
    <file relUrl="Views/Report/Activity.cshtml" publishTime="06/25/2012 20:46:14" />
    <file relUrl="Views/Shared/Error1.cshtml" publishTime="06/08/2012 19:11:05" />
    <file relUrl="Content/Scripts/jquery.numeric.js" publishTime="02/15/2012 15:44:11" />
    <file relUrl="Content/Scripts/ori_jquery.tablesorter.min.js" publishTime="03/28/2012 19:33:16" />
    <file relUrl="Content/jQUI/min/images/ui-bg_glass_55_fbf9ee_1x400.png" publishTime="12/24/2011 02:29:28" />
    <file relUrl="Content/Menu/ddsmoothmenu.css" publishTime="12/21/2011 21:07:34" />
    <file relUrl="Views/Claim/Items.cshtml" publishTime="09/11/2012 21:28:20" />
    <file relUrl="Content/jQUI/jquery-ui-1.8.16.custom.js" publishTime="12/24/2011 02:52:14" />
    <file relUrl="Content/Scripts/jquery.taconite.js" publishTime="03/31/2012 23:44:12" />
    <file relUrl="Content/Scripts/jquery.tablesorter.min.js" publishTime="03/29/2012 12:54:44" />
    <file relUrl="Content/Images/aroB.gif" publishTime="08/26/2011 14:40:46" />
    <file relUrl="Views/Report/Activity/ActivityCount.cshtml" publishTime="06/27/2012 20:25:50" />
    <file relUrl="Views/Common/NoAccess.cshtml" publishTime="06/06/2012 01:19:02" />
    <file relUrl="Content/Images/asc.gif" publishTime="03/28/2012 20:47:49" />
    <file relUrl="Content/Images/page/page-first-disabled.gif" publishTime="06/07/2011 01:52:42" />
    <file relUrl="Content/Scripts/jquery.validate.1.9.0.min.js" publishTime="02/25/2012 14:36:36" />
    <file relUrl="EmailTemplates/ClaimAssignTo.xml" publishTime="11/10/2011 18:35:26" />
    <file relUrl="Views/Claim/GetFile.cshtml" publishTime="09/14/2012 21:27:24" />
    <file relUrl="Views/Dashboard/EditorTemplates/ListCustomer.cshtml" publishTime="10/18/2012 01:29:34" />
    <file relUrl="Views/Shared/Error.cshtml" publishTime="06/29/2012 18:27:06" />
    <file relUrl="Views/Role/EditorTemplates/RoleEdit.cshtml" publishTime="06/06/2012 01:56:04" />
    <file relUrl="Content/Images/aroL.gif" publishTime="08/26/2011 14:40:46" />
    <file relUrl="Views/Setting/EditorTemplates/SettingEdit.cshtml" publishTime="05/29/2012 20:03:34" />
    <file relUrl="Content/jQUI/min/images/ui-bg_highlight-soft_75_cccccc_1x100.png" publishTime="12/24/2011 02:29:28" />
    <file relUrl="Views/Activity/Log.cshtml" publishTime="06/04/2012 22:00:00" />
    <file relUrl="Views/Master/EditorTemplates/MasterEdit.cshtml" publishTime="09/15/2012 12:25:34" />
    <file relUrl="bin/Elmah.dll" publishTime="09/13/2012 19:58:38" />
    <file relUrl="Content/jQUI/min/images/ui-bg_glass_75_e6e6e6_1x400.png" publishTime="12/24/2011 02:29:28" />
    <file relUrl="EmailTemplates/ApplicationError.xml" publishTime="06/06/2012 22:31:26" />
    <file relUrl="Views/Claim/EditorTemplates/ItemDetail.cshtml" publishTime="10/11/2012 21:10:24" />
    <file relUrl="Content/Images/AOT-Header.png" publishTime="05/26/2011 21:47:50" />
    <file relUrl="Views/Report/User/OrgTypeUser.cshtml" publishTime="06/25/2012 22:19:08" />
    <file relUrl="Content/Menu/down.gif" publishTime="11/02/2011 19:16:46" />
    <file relUrl="Content/Images/reset.png" publishTime="06/01/2011 18:32:16" />
    <file relUrl="Content/Images/page/page-last.gif" publishTime="06/07/2011 01:52:42" />
    <file relUrl="Content/Images/del.gif" publishTime="06/01/2011 18:32:16" />
    <file relUrl="Content/Scripts/common.js" publishTime="07/03/2012 00:54:10" />
    <file relUrl="Views/Report/Claim/CustClaim.cshtml" publishTime="06/27/2012 20:30:44" />
    <file relUrl="Content/jQUI/min/images/ui-bg_glass_65_ffffff_1x400.png" publishTime="12/24/2011 02:29:28" />
    <file relUrl="Content/jQUI/min/images/ui-icons_888888_256x240.png" publishTime="12/24/2011 02:29:28" />
    <file relUrl="Content/jQUI/min/images/ui-icons_454545_256x240.png" publishTime="12/24/2011 02:29:28" />
    <file relUrl="Content/Menu/ddsmoothmenu-v.css" publishTime="11/02/2011 19:16:46" />
    <file relUrl="Views/Web.config" publishTime="05/06/2012 21:49:26" />
    <file relUrl="Views/Claim/PrintVendor.cshtml" publishTime="08/31/2012 20:57:10" />
    <file relUrl="Content/Site.css" publishTime="06/29/2012 18:38:04" />
    <file relUrl="Content/Images/spacer.gif" publishTime="10/21/2011 20:51:56" />
    <file relUrl="Views/Shared/LogOnUserControl.cshtml" publishTime="06/29/2012 23:52:02" />
    <file relUrl="Views/Setting/EditorTemplates/SettingVal.cshtml" publishTime="09/19/2012 01:30:36" />
    <file relUrl="Content/jQUI/min/jquery-ui-1.8.16.custom.min.js" publishTime="12/24/2011 01:25:24" />
    <file relUrl="Content/Images/page/page-first.gif" publishTime="06/07/2011 01:52:42" />
    <file relUrl="Views/Shared/DataNotFound.cshtml" publishTime="06/06/2012 01:16:40" />
    <file relUrl="Views/Claim/Archived.cshtml" publishTime="10/09/2012 02:38:13" />
    <file relUrl="Content/Images/refresh.gif" publishTime="06/01/2011 18:32:16" />
    <file relUrl="Content/Images/page/page-next.gif" publishTime="06/07/2011 01:52:42" />
    <file relUrl="Content/Scripts/jquery.tablesorter.pager.js" publishTime="03/29/2012 00:35:18" />
    <file relUrl="Views/_ViewStart.cshtml" publishTime="06/02/2012 21:19:16" />
    <file relUrl="bin/Elmah.xml" publishTime="09/13/2012 19:58:38" />
    <file relUrl="favicon.ico" publishTime="10/20/2011 14:17:28" />
    <file relUrl="Views/Dashboard/EditorTemplates/ListVendor.cshtml" publishTime="10/18/2012 01:29:34" />
    <file relUrl="Views/Report/Claim/BrandClaim.cshtml" publishTime="06/25/2012 22:21:34" />
    <file relUrl="Content/Images/nav_clear.png" publishTime="06/01/2011 18:32:16" />
    <file relUrl="bin/MvcPager.dll" publishTime="06/14/2010 15:59:20" />
    <file relUrl="Content/Scripts/jquery.dataTables.min.js" publishTime="03/29/2012 19:13:50" />
    <file relUrl="Content/Images/list.gif" publishTime="06/07/2011 01:52:42" />
    <file relUrl="Content/Images/files.gif" publishTime="08/26/2011 01:07:26" />
    <file relUrl="Views/Claim/FilesPg.cshtml" publishTime="10/09/2012 21:45:40" />
    <file relUrl="Views/Claim/EditorTemplates/Comments.cshtml" publishTime="10/11/2012 21:08:19" />
    <file relUrl="Content/Scripts/jquery.tablesorter.filter.js" publishTime="03/29/2012 12:56:42" />
    <file relUrl="Content/Images/page/page-prev-disabled.gif" publishTime="06/07/2011 01:52:42" />
    <file relUrl="Views/Setting/Manage.cshtml" publishTime="06/22/2012 21:59:36" />
    <file relUrl="Views/Claim/Manage.cshtml" publishTime="11/07/2012 15:10:43" />
    <file relUrl="Views/Dashboard/Excel.cshtml" publishTime="06/02/2012 21:07:29" />
    <file relUrl="Global.asax" publishTime="05/26/2011 17:49:48" />
    <file relUrl="Content/Images/cancel.png" publishTime="06/01/2011 18:32:16" />
    <file relUrl="EmailTemplates/ForgotPwd.xml" publishTime="10/16/2011 19:53:38" />
    <file relUrl="Content/Images/AOT Logo.jpg" publishTime="10/10/2011 21:31:56" />
    <file relUrl="Web.config" publishTime="11/07/2012 15:06:34" />
  </publishProfile>
</publishData>